{
    "Accuracy": 0.7766666666666666,
    "Precision": 0.7952066948981649,
    "Recall": 0.9658110516934046,
    "F1": 0.8708480463820271,
    "AUC": 0.738965512972866,
    "MCC": 0.07322316989359581
}