{
    "Accuracy": 0.8033333333333333,
    "Precision": 0.8127847439916405,
    "Recall": 0.9743790849673202,
    "F1": 0.885164498198033,
    "AUC": 0.7754376856803328,
    "MCC": 0.2882459929427709
}