{
    "Accuracy": 0.7709677419354838,
    "Precision": 0.7663899063899062,
    "Recall": 0.9619505494505495,
    "F1": 0.8494098494098494,
    "AUC": 0.7397458791208791,
    "MCC": 0.41153809051977247
}