{
    "Accuracy": 0.5419354838709677,
    "Precision": 0.5305769230769231,
    "Recall": 0.5341666666666667,
    "F1": 0.5312480798771121,
    "AUC": 0.6050700280112046,
    "MCC": 0.0838715301849052
}