{
    "Accuracy": 0.052413150997651356,
    "Precision": 0.10259263263476974,
    "Recall": 0.1300446896847109,
    "F1": 0.05864880685722175,
    "AUC": 0.054556766513305995,
    "MCC": 0.11328111586510296
}