{
    "Accuracy": 0.7714795008912656,
    "Precision": 0.7817299762817005,
    "Recall": 0.9188571428571428,
    "F1": 0.8432725436991226,
    "AUC": 0.7756483516483517,
    "MCC": 0.44268606606043737
}