{
    "Accuracy": 0.7901209677419354,
    "Precision": 0.7988518518518518,
    "Recall": 0.9357600732600734,
    "F1": 0.8576003402910704,
    "AUC": 0.8231158424908424,
    "MCC": 0.45100537823070697
}