{
    "Accuracy": 0.7666666666666666,
    "Precision": 0.8536663654980028,
    "Recall": 0.8474390968508615,
    "F1": 0.8496346236760222,
    "AUC": 0.7232409140423846,
    "MCC": 0.30847747626678
}