{
    "Accuracy": 0.7524193548387096,
    "Precision": 0.7748723797110894,
    "Recall": 0.8940934065934065,
    "F1": 0.8272890273138535,
    "AUC": 0.7523809523809524,
    "MCC": 0.36790895274049207
}