{
    "Accuracy": 0.6623885918003565,
    "Precision": 0.6865688186489077,
    "Recall": 0.9234791352438412,
    "F1": 0.7800520383315174,
    "AUC": 0.6739346165816753,
    "MCC": 0.02823169010337518
}