{
    "Accuracy": 0.792741935483871,
    "Precision": 0.8329199404714279,
    "Recall": 0.8587042788129745,
    "F1": 0.8433521772345302,
    "AUC": 0.8648853964071355,
    "MCC": 0.5154145470302517
}