{
    "Accuracy": 0.10450590787834736,
    "Precision": 0.11590703282293832,
    "Recall": 0.07901858417854439,
    "F1": 0.08960228486843605,
    "AUC": 0.09228718994883467,
    "MCC": 0.21109816982640053
}