{
    "Accuracy": 0.6754032258064516,
    "Precision": 0.7630807453416149,
    "Recall": 0.7853021978021978,
    "F1": 0.767245239232817,
    "AUC": 0.724095695970696,
    "MCC": 0.2310819184087351
}