{
    "Accuracy": 0.09698900889272842,
    "Precision": 0.0896297104565331,
    "Recall": 0.1301574961226828,
    "F1": 0.08840564054924566,
    "AUC": 0.09755579736128062,
    "MCC": 0.188214518255403
}