{
    "Accuracy": 0.6193548387096774,
    "Precision": 0.6090878419825787,
    "Recall": 0.5983333333333334,
    "F1": 0.598872292230926,
    "AUC": 0.6986064425770308,
    "MCC": 0.23946792908967574
}