{
    "Accuracy": 0.6516129032258065,
    "Precision": 0.6617616344783528,
    "Recall": 0.638452380952381,
    "F1": 0.638795518207283,
    "AUC": 0.6953151260504201,
    "MCC": 0.3126721885439733
}