{
    "Accuracy": 0.7633333333333333,
    "Precision": 0.8402827407692637,
    "Recall": 0.8697623291740939,
    "F1": 0.8521474337656579,
    "AUC": 0.7333673747276689,
    "MCC": 0.27468718008040677
}