{
    "Accuracy": 0.6373219373219372,
    "Precision": 0.6769396753916878,
    "Recall": 0.8100653594771241,
    "F1": 0.734372586872587,
    "AUC": 0.6586111111111113,
    "MCC": 0.18791916689106353
}