{
    "Accuracy": 0.7174688057040999,
    "Precision": 0.7649359770664118,
    "Recall": 0.8502857142857143,
    "F1": 0.8028360751415191,
    "AUC": 0.7021599511599511,
    "MCC": 0.3126454567571793
}