{
    "Accuracy": 0.6444444444444445,
    "Precision": 0.6804112554112554,
    "Recall": 0.8362581699346405,
    "F1": 0.7455710955710956,
    "AUC": 0.7151888162672477,
    "MCC": 0.1926107758022595
}