{
    "Accuracy": 0.7933333333333333,
    "Precision": 0.8343654249314627,
    "Recall": 0.9229352346999405,
    "F1": 0.8746197623526966,
    "AUC": 0.7626691671618142,
    "MCC": 0.30959052250199925
}