{
    "Accuracy": 0.1067707825203131,
    "Precision": 0.09650054825554136,
    "Recall": 0.040115815133852595,
    "F1": 0.06575021882532371,
    "AUC": 0.12525445685420886,
    "MCC": 0.34224687437721124
}