{
    "Accuracy": 0.7800403225806452,
    "Precision": 0.8410129001433349,
    "Recall": 0.817601219231654,
    "F1": 0.8270263929618767,
    "AUC": 0.86630585095259,
    "MCC": 0.49218015260710735
}