{
    "Accuracy": 0.8099999999999999,
    "Precision": 0.823584032422508,
    "Recall": 0.9659120617944147,
    "F1": 0.8882011798389339,
    "AUC": 0.7661583729451377,
    "MCC": 0.2835762284796273
}