{
    "Accuracy": 0.5870967741935484,
    "Precision": 0.5686111111111112,
    "Recall": 0.6160714285714286,
    "F1": 0.5906476050830889,
    "AUC": 0.6360644257703081,
    "MCC": 0.17645015305102035
}