{
    "Accuracy": 0.6064516129032258,
    "Precision": 0.5953874883286648,
    "Recall": 0.6151190476190476,
    "F1": 0.6027437893956248,
    "AUC": 0.6041596638655463,
    "MCC": 0.21652258898146606
}