{
    "Accuracy": 0.7114081996434937,
    "Precision": 0.7432532855436081,
    "Recall": 0.8807619047619047,
    "F1": 0.8016087965736818,
    "AUC": 0.7532197802197802,
    "MCC": 0.27864485784059967
}