{
    "Accuracy": 0.7933333333333333,
    "Precision": 0.8356772739343772,
    "Recall": 0.9176648841354723,
    "F1": 0.8730582393754581,
    "AUC": 0.6874538027332145,
    "MCC": 0.2759544353353535
}