{
    "Accuracy": 0.6764112903225806,
    "Precision": 0.7631111111111111,
    "Recall": 0.8367216117216116,
    "F1": 0.7800414181666784,
    "AUC": 0.6520100732600732,
    "MCC": 0.21430970558451418
}