{
    "Accuracy": 0.6584045584045584,
    "Precision": 0.7428171390013494,
    "Recall": 0.730702614379085,
    "F1": 0.7286900610287708,
    "AUC": 0.6661583151779229,
    "MCC": 0.2879477006902561
}