{
    "Accuracy": 0.6279202279202278,
    "Precision": 0.699015307877537,
    "Recall": 0.7283823529411764,
    "F1": 0.7117893217893217,
    "AUC": 0.6616140159767612,
    "MCC": 0.18671779213620882
}