{
    "Accuracy": 0.7174688057040999,
    "Precision": 0.7699353749698578,
    "Recall": 0.8266666666666668,
    "F1": 0.7955322197325552,
    "AUC": 0.7296898656898657,
    "MCC": 0.3112810501039286
}