{
    "Accuracy": 0.7959677419354838,
    "Precision": 0.793010118872188,
    "Recall": 0.9494505494505494,
    "F1": 0.8604985913088022,
    "AUC": 0.7639674908424909,
    "MCC": 0.49989731760809386
}