{
    "Accuracy": 0.7139112903225806,
    "Precision": 0.7371610458507011,
    "Recall": 0.9054029304029303,
    "F1": 0.8100565754950809,
    "AUC": 0.649393315018315,
    "MCC": 0.21662244809612927
}