{
    "Accuracy": 0.8033333333333333,
    "Precision": 0.8155625217694183,
    "Recall": 0.9704575163398692,
    "F1": 0.8848440709617179,
    "AUC": 0.7780607546048721,
    "MCC": 0.30119871366451967
}