{
    "Accuracy": 0.6451612903225806,
    "Precision": 0.6217736649315596,
    "Recall": 0.6767857142857143,
    "F1": 0.6443734606817771,
    "AUC": 0.6852380952380952,
    "MCC": 0.29274707773732805
}