{
    "Accuracy": 0.10575083208855708,
    "Precision": 0.09736070997141584,
    "Recall": 0.08273206371578247,
    "F1": 0.08762399525192238,
    "AUC": 0.09505265221027132,
    "MCC": 0.222652891773485
}