{
    "Accuracy": 0.7330645161290322,
    "Precision": 0.7376464148877941,
    "Recall": 0.9529761904761905,
    "F1": 0.8281371170670988,
    "AUC": 0.6642834249084248,
    "MCC": 0.2709565729905777
}