{
    "Accuracy": 0.7578629032258064,
    "Precision": 0.7674285714285715,
    "Recall": 0.930952380952381,
    "F1": 0.8376568405139835,
    "AUC": 0.727566391941392,
    "MCC": 0.3519537396770437
}