{
    "Accuracy": 0.8099999999999999,
    "Precision": 0.820793451311183,
    "Recall": 0.9703565062388592,
    "F1": 0.8884130679190759,
    "AUC": 0.7505173549217666,
    "MCC": 0.2978569378055187
}