{
    "Accuracy": 0.6903225806451614,
    "Precision": 0.694171703769227,
    "Recall": 0.6953571428571429,
    "F1": 0.6807613133229832,
    "AUC": 0.7653641456582634,
    "MCC": 0.3971745145354545
}