{
    "Accuracy": 0.6216524216524217,
    "Precision": 0.7126050420168067,
    "Recall": 0.706078431372549,
    "F1": 0.7049922600619196,
    "AUC": 0.6330764342774147,
    "MCC": 0.17887616016412503
}