{
    "Accuracy": 0.6451612903225806,
    "Precision": 0.6517857142857142,
    "Recall": 0.6117857142857143,
    "F1": 0.6275432900432899,
    "AUC": 0.7270168067226891,
    "MCC": 0.29141278567210793
}