{
    "Accuracy": 0.7593582887700536,
    "Precision": 0.8366464646464646,
    "Recall": 0.791948051948052,
    "F1": 0.8132011617127997,
    "AUC": 0.8300190213826578,
    "MCC": 0.4548861009274117
}