{
    "Accuracy": 0.6193548387096774,
    "Precision": 0.5953641456582633,
    "Recall": 0.6642857142857143,
    "F1": 0.6266068153804527,
    "AUC": 0.6394117647058823,
    "MCC": 0.23917128104853394
}