{
    "Accuracy": 0.08418250143816766,
    "Precision": 0.08793886161288908,
    "Recall": 0.09564890091495941,
    "F1": 0.09147557573979245,
    "AUC": 0.037358740167895574,
    "MCC": 0.13727585635877831
}