{
    "Accuracy": 0.6894586894586894,
    "Precision": 0.7139160839160839,
    "Recall": 0.8458823529411765,
    "F1": 0.7669924812030074,
    "AUC": 0.695951343500363,
    "MCC": 0.3239579103414863
}