{
    "Accuracy": 0.6213675213675215,
    "Precision": 0.6393162393162394,
    "Recall": 0.9411764705882353,
    "F1": 0.756017316017316,
    "AUC": 0.5785321350762527,
    "MCC": 0.008084520834544433
}