{
    "Accuracy": 0.6516129032258065,
    "Precision": 0.6794139194139194,
    "Recall": 0.6001190476190476,
    "F1": 0.6288575077540595,
    "AUC": 0.7320448179271708,
    "MCC": 0.31077476817578215
}