{
    "Accuracy": 0.7391129032258064,
    "Precision": 0.7697155866511188,
    "Recall": 0.9210164835164836,
    "F1": 0.8284693587579961,
    "AUC": 0.6857165750915751,
    "MCC": 0.3507988330778419
}