{
    "Accuracy": 0.8066666666666669,
    "Precision": 0.8622695035460992,
    "Recall": 0.9005525846702316,
    "F1": 0.8793458748340626,
    "AUC": 0.764764285006932,
    "MCC": 0.40086711314883444
}