{
    "Accuracy": 0.027080128015453172,
    "Precision": 0.03772220344364598,
    "Recall": 0.04844906669587006,
    "F1": 0.019106094661960525,
    "AUC": 0.07546271274028973,
    "MCC": 0.09950224822773503
}