{
    "Accuracy": 0.6129032258064516,
    "Precision": 0.6192156862745097,
    "Recall": 0.5725,
    "F1": 0.5899623655913978,
    "AUC": 0.6576540616246499,
    "MCC": 0.22836958899172538
}