{
    "Accuracy": 0.7053475935828877,
    "Precision": 0.7248431305439091,
    "Recall": 0.9078095238095238,
    "F1": 0.804074095314561,
    "AUC": 0.7204420024420025,
    "MCC": 0.22683133699075847
}