{
    "Accuracy": 0.674074074074074,
    "Precision": 0.7088363171355498,
    "Recall": 0.8354248366013073,
    "F1": 0.7595787545787547,
    "AUC": 0.7449264705882352,
    "MCC": 0.2900645579278019
}