{
    "Accuracy": 0.741354723707665,
    "Precision": 0.829166561889674,
    "Recall": 0.7866666666666667,
    "F1": 0.8037711995066296,
    "AUC": 0.8101611721611721,
    "MCC": 0.42873290519509205
}