{
    "Accuracy": 0.050216785957221885,
    "Precision": 0.08635638031169966,
    "Recall": 0.0472749472228223,
    "F1": 0.04367657560068527,
    "AUC": 0.05485492996521141,
    "MCC": 0.11141429765760635
}