{
    "Accuracy": 0.7227822580645162,
    "Precision": 0.7529804448425137,
    "Recall": 0.8907119852772027,
    "F1": 0.8122863185454458,
    "AUC": 0.6714624734665495,
    "MCC": 0.2428070050663845
}