{
    "Accuracy": 0.76,
    "Precision": 0.815668449197861,
    "Recall": 0.8988829471182413,
    "F1": 0.8540160805809759,
    "AUC": 0.7359065161418104,
    "MCC": 0.18466391980260818
}