{
    "Accuracy": 0.10326124013820641,
    "Precision": 0.10485980208382197,
    "Recall": 0.10732348938220629,
    "F1": 0.09591000187419237,
    "AUC": 0.08502144885505851,
    "MCC": 0.21064280671798336
}