{
    "Accuracy": 0.674074074074074,
    "Precision": 0.7166150670794634,
    "Recall": 0.8125653594771242,
    "F1": 0.758816968228733,
    "AUC": 0.6350835148874364,
    "MCC": 0.2755980287206757
}