{
    "Accuracy": 0.6447415329768271,
    "Precision": 0.7297243899417811,
    "Recall": 0.7778448131389307,
    "F1": 0.7411139665435588,
    "AUC": 0.6297017524958701,
    "MCC": 0.17213918239006817
}