{
    "Accuracy": 0.6213675213675215,
    "Precision": 0.6332556332556333,
    "Recall": 0.9647058823529411,
    "F1": 0.7624642024642025,
    "AUC": 0.47493282498184464,
    "MCC": -0.017236256333167305
}