{
    "Accuracy": 0.6451612903225806,
    "Precision": 0.6228494029190624,
    "Recall": 0.6642857142857143,
    "F1": 0.6416955347211187,
    "AUC": 0.6851960784313726,
    "MCC": 0.2899861503049865
}