{
    "Accuracy": 0.5806451612903225,
    "Precision": 0.5678571428571428,
    "Recall": 0.5688095238095238,
    "F1": 0.5644819935142517,
    "AUC": 0.5965826330532213,
    "MCC": 0.16074182148247798
}