{
    "Accuracy": 0.6293447293447293,
    "Precision": 0.7022591645353793,
    "Recall": 0.7547875816993465,
    "F1": 0.7213086191414366,
    "AUC": 0.657304829339143,
    "MCC": 0.18753330541218405
}