{
    "Accuracy": 0.6811965811965811,
    "Precision": 0.7233586684101558,
    "Recall": 0.811813725490196,
    "F1": 0.7588981736399241,
    "AUC": 0.7568032861292666,
    "MCC": 0.30902175008966537
}