{
    "Accuracy": 0.7166666666666667,
    "Precision": 0.8047900538394192,
    "Recall": 0.8430956625074272,
    "F1": 0.8222276167073209,
    "AUC": 0.6432729500891265,
    "MCC": 0.11077338158556496
}