{
    "Accuracy": 0.8,
    "Precision": 0.8121079534995681,
    "Recall": 0.9709803921568627,
    "F1": 0.8833983302955264,
    "AUC": 0.7550874183006535,
    "MCC": 0.2535898279479067
}