{
    "Accuracy": 0.5683760683760684,
    "Precision": 0.6274477696216827,
    "Recall": 0.7602287581699346,
    "F1": 0.6826499766331644,
    "AUC": 0.565841503267974,
    "MCC": -0.00018845117400563826
}