{
    "Accuracy": 0.7833333333333334,
    "Precision": 0.8061733094491714,
    "Recall": 0.9536244800950684,
    "F1": 0.87298299267351,
    "AUC": 0.6952305654585066,
    "MCC": 0.15109576550167944
}