{
    "Accuracy": 0.7096774193548386,
    "Precision": 0.7578733031674207,
    "Recall": 0.6152380952380953,
    "F1": 0.6712435897435898,
    "AUC": 0.7728711484593838,
    "MCC": 0.4321356780325867
}