{
    "Accuracy": 0.5458689458689459,
    "Precision": 0.6383547103051747,
    "Recall": 0.6647712418300653,
    "F1": 0.647665243794276,
    "AUC": 0.5538770878721858,
    "MCC": 0.006428574568521289
}