{
    "Accuracy": 0.7235294117647058,
    "Precision": 0.742037037037037,
    "Recall": 0.9108571428571428,
    "F1": 0.8157550945786239,
    "AUC": 0.6951831501831502,
    "MCC": 0.28509569540483193
}