{
    "Accuracy": 0.7172905525846701,
    "Precision": 0.7611575091575091,
    "Recall": 0.8472380952380952,
    "F1": 0.7998496427323005,
    "AUC": 0.7153968253968255,
    "MCC": 0.3046859046348243
}