{
    "Accuracy": 0.6877005347593583,
    "Precision": 0.7587715987715988,
    "Recall": 0.8072380952380952,
    "F1": 0.7776006998974536,
    "AUC": 0.6976043956043957,
    "MCC": 0.2655331558772785
}