{
    "Accuracy": 0.6451612903225806,
    "Precision": 0.7301947261663285,
    "Recall": 0.7796703296703297,
    "F1": 0.7434395835239073,
    "AUC": 0.6183195970695972,
    "MCC": 0.1139005691986105
}