{
    "Accuracy": 0.6886039886039885,
    "Precision": 0.7707378740970073,
    "Recall": 0.7247712418300654,
    "F1": 0.7431271876707982,
    "AUC": 0.7779330065359478,
    "MCC": 0.3445242144244822
}