{
    "Accuracy": 0.6580645161290322,
    "Precision": 0.6466483516483517,
    "Recall": 0.641904761904762,
    "F1": 0.6424916573971079,
    "AUC": 0.689467787114846,
    "MCC": 0.31757349464441204
}