{
    "Accuracy": 0.7433333333333334,
    "Precision": 0.8265374377175618,
    "Recall": 0.8551812240047534,
    "F1": 0.8389250369171393,
    "AUC": 0.7053815607050901,
    "MCC": 0.19811869808832955
}