{
    "Accuracy": 0.7666666666666667,
    "Precision": 0.8463651651546391,
    "Recall": 0.8611942959001782,
    "F1": 0.8516259449770087,
    "AUC": 0.7347302188552188,
    "MCC": 0.2951939590719195
}