{
    "Accuracy": 0.06948599751141298,
    "Precision": 0.09866332497911447,
    "Recall": 0.1466666666666667,
    "F1": 0.06798422302053456,
    "AUC": 0.05038611023949596,
    "MCC": 0.12607870882597053
}