{
    "Accuracy": 0.7032258064516128,
    "Precision": 0.7479831932773109,
    "Recall": 0.6152380952380953,
    "F1": 0.666481684981685,
    "AUC": 0.7778851540616246,
    "MCC": 0.4196772353430015
}