{
    "Accuracy": 0.6361823361823362,
    "Precision": 0.6732683982683982,
    "Recall": 0.8356045751633987,
    "F1": 0.7374130114367805,
    "AUC": 0.6832180464778503,
    "MCC": 0.18632543540402152
}