{
    "Accuracy": 0.6774193548387096,
    "Precision": 0.7041758241758241,
    "Recall": 0.5992857142857143,
    "F1": 0.644328407224959,
    "AUC": 0.7361834733893559,
    "MCC": 0.35921981706693284
}