{
    "Accuracy": 0.6580645161290323,
    "Precision": 0.6604427736006684,
    "Recall": 0.6766666666666666,
    "F1": 0.650415601023018,
    "AUC": 0.747851207959567,
    "MCC": 0.3402820577063994
}