{
    "Accuracy": 0.7415329768270945,
    "Precision": 0.81504329004329,
    "Recall": 0.7948051948051947,
    "F1": 0.8034709476569942,
    "AUC": 0.8181418076872621,
    "MCC": 0.4178888849607171
}