{
    "Accuracy": 0.09476630574784667,
    "Precision": 0.10253459454388138,
    "Recall": 0.06943498933027689,
    "F1": 0.08028932956269638,
    "AUC": 0.09381626945533063,
    "MCC": 0.18925276353209924
}