{
    "Accuracy": 0.7833333333333332,
    "Precision": 0.8327170742442191,
    "Recall": 0.9072489601901367,
    "F1": 0.8675804870346046,
    "AUC": 0.7121750841750842,
    "MCC": 0.2562555214221525
}