{
    "Accuracy": 0.7117647058823529,
    "Precision": 0.7406084656084656,
    "Recall": 0.8822857142857143,
    "F1": 0.803659910021096,
    "AUC": 0.7169328449328449,
    "MCC": 0.28004087299404234
}