{
    "Accuracy": 0.6666666666666666,
    "Precision": 0.7298989898989899,
    "Recall": 0.7668954248366013,
    "F1": 0.7365079365079364,
    "AUC": 0.7325735294117648,
    "MCC": 0.298608454185994
}