{
    "Accuracy": 0.05387102035149105,
    "Precision": 0.06736893904536244,
    "Recall": 0.10224334357908367,
    "F1": 0.05624178573078025,
    "AUC": 0.03742474155274376,
    "MCC": 0.07347579265762519
}