{
    "Accuracy": 0.8024193548387096,
    "Precision": 0.8034798534798535,
    "Recall": 0.9411172161172161,
    "F1": 0.8631358428805237,
    "AUC": 0.7848076923076923,
    "MCC": 0.5217299927107418
}