{
    "Accuracy": 0.5870967741935484,
    "Precision": 0.4841483516483517,
    "Recall": 0.42928571428571427,
    "F1": 0.4510931741187581,
    "AUC": 0.6607107843137255,
    "MCC": 0.1693379441497897
}