{
    "Accuracy": 0.6515151515151515,
    "Precision": 0.7378922305764412,
    "Recall": 0.766095238095238,
    "F1": 0.7472925170068028,
    "AUC": 0.6716312576312576,
    "MCC": 0.16104489081848244
}