{
    "Accuracy": 0.04532153758580444,
    "Precision": 0.0787321595225415,
    "Recall": 0.10676164931551092,
    "F1": 0.050819320953914136,
    "AUC": 0.08901335894419883,
    "MCC": 0.10378997094851855
}