{
    "Accuracy": 0.7270655270655271,
    "Precision": 0.799229055258467,
    "Recall": 0.7759010270774976,
    "F1": 0.7788218390804598,
    "AUC": 0.8080983976082015,
    "MCC": 0.42786618716361086
}