{
    "Accuracy": 0.737037037037037,
    "Precision": 0.7693034055727554,
    "Recall": 0.8247058823529413,
    "F1": 0.7941574524546661,
    "AUC": 0.7442293028322441,
    "MCC": 0.43392189939353826
}