{
    "Accuracy": 0.8026209677419354,
    "Precision": 0.8430201465201466,
    "Recall": 0.8506868131868132,
    "F1": 0.8467752485609628,
    "AUC": 0.8732600732600734,
    "MCC": 0.519074978547288
}