{
    "Accuracy": 0.7268145161290323,
    "Precision": 0.7611432746776365,
    "Recall": 0.891941391941392,
    "F1": 0.8149164310866439,
    "AUC": 0.7296199633699634,
    "MCC": 0.30025584294637164
}