{
    "Accuracy": 0.6838709677419355,
    "Precision": 0.6822689075630252,
    "Recall": 0.6669047619047619,
    "F1": 0.6593190904547725,
    "AUC": 0.7587184873949581,
    "MCC": 0.3811218614796645
}