{
    "Accuracy": 0.04740947889257764,
    "Precision": 0.05279183952790489,
    "Recall": 0.17260903090806232,
    "F1": 0.09061980745818687,
    "AUC": 0.048936619427683944,
    "MCC": 0.10465383051304808
}