{
    "Accuracy": 0.6509971509971509,
    "Precision": 0.6847835497835497,
    "Recall": 0.8342156862745098,
    "F1": 0.7451746191983883,
    "AUC": 0.6886129266521424,
    "MCC": 0.2186616372402843
}