{
    "Accuracy": 0.6949596774193548,
    "Precision": 0.7095439377085652,
    "Recall": 0.966117216117216,
    "F1": 0.8123847389804837,
    "AUC": 0.6290041208791209,
    "MCC": 0.07035432768317547
}