{
    "Accuracy": 0.7833333333333333,
    "Precision": 0.8305481283422459,
    "Recall": 0.9140185864299362,
    "F1": 0.8688067251897038,
    "AUC": 0.7203316974316369,
    "MCC": 0.2417573999310266
}