{
    "Accuracy": 0.03944053188733077,
    "Precision": 0.02790262787323672,
    "Recall": 0.05516882824568493,
    "F1": 0.02224849034019581,
    "AUC": 0.10705116451265419,
    "MCC": 0.26962109857039607
}