{
    "Accuracy": 0.6701612903225806,
    "Precision": 0.7610543918324238,
    "Recall": 0.7836080586080587,
    "F1": 0.764481764083093,
    "AUC": 0.6422893772893772,
    "MCC": 0.20735949118033337
}