{
    "Accuracy": 0.6327985739750446,
    "Precision": 0.716161815196298,
    "Recall": 0.7824870118987766,
    "F1": 0.7351298701298702,
    "AUC": 0.6294000933706816,
    "MCC": 0.12928500843361806
}