{
    "Accuracy": 0.7647177419354838,
    "Precision": 0.7838228438228437,
    "Recall": 0.9024267399267399,
    "F1": 0.8361661306741398,
    "AUC": 0.8179441391941392,
    "MCC": 0.38625782891401717
}