{
    "Accuracy": 0.6258064516129032,
    "Precision": 0.6281440781440782,
    "Recall": 0.5858333333333333,
    "F1": 0.603116883116883,
    "AUC": 0.7002801120448179,
    "MCC": 0.2529655149507649
}