{
    "Accuracy": 0.6442067736185383,
    "Precision": 0.7431323299389266,
    "Recall": 0.7621752974694151,
    "F1": 0.7371483519158674,
    "AUC": 0.6835721468074409,
    "MCC": 0.21977355969688483
}