{
    "Accuracy": 0.6754010695187166,
    "Precision": 0.749947067933338,
    "Recall": 0.7946666666666666,
    "F1": 0.7668234592584798,
    "AUC": 0.7602148962148962,
    "MCC": 0.20945208787440867
}