{
    "Accuracy": 0.7534759358288771,
    "Precision": 0.7775132275132275,
    "Recall": 0.8902857142857142,
    "F1": 0.8272988498737666,
    "AUC": 0.77493894993895,
    "MCC": 0.40474312143174557
}