{
    "Accuracy": 0.7649193548387097,
    "Precision": 0.7967032967032968,
    "Recall": 0.8780219780219781,
    "F1": 0.8332707652707653,
    "AUC": 0.7890361721611722,
    "MCC": 0.39777424804975803
}