{
    "Accuracy": 0.6595441595441596,
    "Precision": 0.6859025032938078,
    "Recall": 0.8562581699346407,
    "F1": 0.7556882591093117,
    "AUC": 0.7283523965141612,
    "MCC": 0.23935154214605187
}