{
    "Accuracy": 0.664516129032258,
    "Precision": 0.6630411255411255,
    "Recall": 0.6535714285714287,
    "F1": 0.6536165447455771,
    "AUC": 0.6870588235294118,
    "MCC": 0.3325550092565233
}