{
    "Accuracy": 0.7297682709447416,
    "Precision": 0.7532109649220449,
    "Recall": 0.9013333333333333,
    "F1": 0.8178739499494215,
    "AUC": 0.7794126984126984,
    "MCC": 0.3144303763354351
}