{
    "Accuracy": 0.6504456327985739,
    "Precision": 0.6873389850889852,
    "Recall": 0.8810625104742751,
    "F1": 0.7629173165908512,
    "AUC": 0.7243781273193038,
    "MCC": 0.06898839376015452
}