{
    "Accuracy": 0.07468281872767886,
    "Precision": 0.10467122667614683,
    "Recall": 0.11741582705252655,
    "F1": 0.061865058739325136,
    "AUC": 0.03751640641836633,
    "MCC": 0.14258132969791687
}