{
    "Accuracy": 0.6709677419354839,
    "Precision": 0.667327141382869,
    "Recall": 0.7012301587301588,
    "F1": 0.6705652348916106,
    "AUC": 0.7511501888204675,
    "MCC": 0.3598086458283033
}