{
    "Accuracy": 0.7666666666666667,
    "Precision": 0.7961001642036125,
    "Recall": 0.9451574569221627,
    "F1": 0.8632181980976602,
    "AUC": 0.7539230788274904,
    "MCC": 0.11946753652644496
}