{
    "Accuracy": 0.6447293447293447,
    "Precision": 0.7031328320802006,
    "Recall": 0.7583986928104576,
    "F1": 0.7266957335922852,
    "AUC": 0.6697567175018155,
    "MCC": 0.2001693797350555
}