{
    "Accuracy": 0.7295900178253121,
    "Precision": 0.757095238095238,
    "Recall": 0.8902857142857142,
    "F1": 0.8145630688698777,
    "AUC": 0.7538449328449328,
    "MCC": 0.3231017753503462
}