{
    "Accuracy": 0.6949596774193548,
    "Precision": 0.7402003284072249,
    "Recall": 0.8698260073260073,
    "F1": 0.7946195125029435,
    "AUC": 0.6088919413919414,
    "MCC": 0.18882236483142992
}