{
    "Accuracy": 0.6818181818181819,
    "Precision": 0.7629023150762281,
    "Recall": 0.7866666666666667,
    "F1": 0.7706970364053138,
    "AUC": 0.6778937728937728,
    "MCC": 0.25719463822790284
}