{
    "Accuracy": 0.044853476114194636,
    "Precision": 0.06406110157994771,
    "Recall": 0.09773174006179802,
    "F1": 0.039377220356194946,
    "AUC": 0.07501233440262661,
    "MCC": 0.09113070274409156
}