{
    "Accuracy": 0.7766666666666667,
    "Precision": 0.819490697981264,
    "Recall": 0.9199584076054664,
    "F1": 0.8655916786646444,
    "AUC": 0.7045987571796395,
    "MCC": 0.22079069960950268
}