{
    "Accuracy": 0.0844659417598462,
    "Precision": 0.10583797242230235,
    "Recall": 0.05527190745570056,
    "F1": 0.06971956599941544,
    "AUC": 0.11992367015644867,
    "MCC": 0.19886512678281368
}