{
    "Accuracy": 0.06875842759908057,
    "Precision": 0.0587486496774529,
    "Recall": 0.10341232568381935,
    "F1": 0.07264134269435912,
    "AUC": 0.03791594754364375,
    "MCC": 0.11939888782815311
}