{
    "Accuracy": 0.664516129032258,
    "Precision": 0.6812187812187813,
    "Recall": 0.5850000000000001,
    "F1": 0.6282079351044867,
    "AUC": 0.7411554621848739,
    "MCC": 0.32948635005829524
}