{
    "Accuracy": 0.6746438746438747,
    "Precision": 0.7156119465329992,
    "Recall": 0.8133006535947711,
    "F1": 0.7582378758849346,
    "AUC": 0.7143591140159766,
    "MCC": 0.27497843627878005
}