{
    "Accuracy": 0.8099999999999999,
    "Precision": 0.8234894096963062,
    "Recall": 0.9665359477124182,
    "F1": 0.888281090458898,
    "AUC": 0.7621426767676767,
    "MCC": 0.29522813813194143
}