{
    "Accuracy": 0.7106951871657754,
    "Precision": 0.762128740824393,
    "Recall": 0.8273336685101391,
    "F1": 0.7848090347250011,
    "AUC": 0.7667187387775622,
    "MCC": 0.3384084185903774
}