{
    "Accuracy": 0.7174688057040999,
    "Precision": 0.8072855214960478,
    "Recall": 0.7801904761904762,
    "F1": 0.7903215548532989,
    "AUC": 0.8077167277167276,
    "MCC": 0.3558826998717044
}