{
    "Accuracy": 0.05838980161910586,
    "Precision": 0.07712953137076732,
    "Recall": 0.034844129759326874,
    "F1": 0.036943721053111014,
    "AUC": 0.04885082466593851,
    "MCC": 0.15116680748642186
}