{
    "Accuracy": 0.5612903225806452,
    "Precision": 0.5590609390609391,
    "Recall": 0.44071428571428567,
    "F1": 0.4912042440318302,
    "AUC": 0.6117086834733894,
    "MCC": 0.11749291283354016
}