{
    "Accuracy": 0.6709677419354838,
    "Precision": 0.735,
    "Recall": 0.5477380952380952,
    "F1": 0.6049650608938706,
    "AUC": 0.7010084033613445,
    "MCC": 0.36221283921618364
}