{
    "Accuracy": 0.6620320855614973,
    "Precision": 0.6798863636363637,
    "Recall": 0.9695156695156696,
    "F1": 0.7891756978653529,
    "AUC": 0.6788557303263186,
    "MCC": -0.017319896187704104
}