{
    "Accuracy": 0.7536541889483066,
    "Precision": 0.7669198698141969,
    "Recall": 0.9188571428571428,
    "F1": 0.8337643998513563,
    "AUC": 0.7946080586080586,
    "MCC": 0.3857294600911266
}