{
    "Accuracy": 0.7766666666666667,
    "Precision": 0.8048748156841503,
    "Recall": 0.9458823529411765,
    "F1": 0.8686473357814293,
    "AUC": 0.6965482026143791,
    "MCC": 0.15855210854004972
}