{
    "Accuracy": 0.6509971509971509,
    "Precision": 0.7321078431372549,
    "Recall": 0.7179248366013071,
    "F1": 0.7221479500891266,
    "AUC": 0.6393972403776326,
    "MCC": 0.2601485202364705
}