{
    "Accuracy": 0.6516129032258065,
    "Precision": 0.6794261294261295,
    "Recall": 0.5726190476190476,
    "F1": 0.6110735397092218,
    "AUC": 0.6802871148459385,
    "MCC": 0.3111355798544263
}