{
    "Accuracy": 0.7836693548387096,
    "Precision": 0.7818135376756066,
    "Recall": 0.9536172161172161,
    "F1": 0.8553684704438608,
    "AUC": 0.7640476190476191,
    "MCC": 0.4549455072789252
}