{
    "Accuracy": 0.6877005347593582,
    "Precision": 0.7518518518518519,
    "Recall": 0.8106666666666665,
    "F1": 0.7783924802918096,
    "AUC": 0.6811074481074482,
    "MCC": 0.22625661767596225
}