{
    "Accuracy": 0.6521367521367522,
    "Precision": 0.7152777777777778,
    "Recall": 0.7524673202614378,
    "F1": 0.7300653594771243,
    "AUC": 0.6962908496732025,
    "MCC": 0.24875062227631792
}