{
    "Accuracy": 0.6974358974358974,
    "Precision": 0.7520454433767126,
    "Recall": 0.8021895424836603,
    "F1": 0.7693440689266116,
    "AUC": 0.756633079157589,
    "MCC": 0.3522750317323788
}