{
    "Accuracy": 0.7326612903225806,
    "Precision": 0.7370370370370372,
    "Recall": 0.9488095238095238,
    "F1": 0.8262206969848165,
    "AUC": 0.7434890109890111,
    "MCC": 0.2912546752544506
}