{
    "Accuracy": 0.8033333333333333,
    "Precision": 0.8682005701448017,
    "Recall": 0.8870172311348782,
    "F1": 0.8759841813292504,
    "AUC": 0.7651040800158447,
    "MCC": 0.40591411619535933
}