{
    "Accuracy": 0.04294699575575042,
    "Precision": 0.054374748170534073,
    "Recall": 0.046817621315852306,
    "F1": 0.03105294615306196,
    "AUC": 0.06861508715722697,
    "MCC": 0.18323400684033955
}