{
    "Accuracy": 0.7733333333333332,
    "Precision": 0.8575494071146246,
    "Recall": 0.8566455543559481,
    "F1": 0.8552447552447553,
    "AUC": 0.72244127296972,
    "MCC": 0.3037374497156545
}