{
    "Accuracy": 0.6812834224598932,
    "Precision": 0.7666666666666667,
    "Recall": 0.7765912365454699,
    "F1": 0.7649571132800946,
    "AUC": 0.7112770840764737,
    "MCC": 0.28621502554997996
}