{
    "Accuracy": 0.051667582216020864,
    "Precision": 0.08331955809010622,
    "Recall": 0.09657460316583683,
    "F1": 0.05007986781232393,
    "AUC": 0.08313304867753375,
    "MCC": 0.11413644210851716
}