{
    "Accuracy": 0.632258064516129,
    "Precision": 0.6592458521870286,
    "Recall": 0.5458333333333333,
    "F1": 0.5931635720601237,
    "AUC": 0.7195098039215687,
    "MCC": 0.26808094724784015
}