{
    "Accuracy": 0.6864527629233511,
    "Precision": 0.7457079152731326,
    "Recall": 0.8154516507457684,
    "F1": 0.7717045429095919,
    "AUC": 0.7453973042208336,
    "MCC": 0.2510660116577771
}