{
    "Accuracy": 0.07665796073926966,
    "Precision": 0.13544196786184823,
    "Recall": 0.04501181160978518,
    "F1": 0.07934261352229216,
    "AUC": 0.0876193845136228,
    "MCC": 0.09197256426228995
}