{
    "Accuracy": 0.7264112903225806,
    "Precision": 0.7655213407282373,
    "Recall": 0.8673534798534798,
    "F1": 0.8103213126841208,
    "AUC": 0.7141437728937728,
    "MCC": 0.2793731118576678
}