{
    "Accuracy": 0.6064516129032258,
    "Precision": 0.5961085972850679,
    "Recall": 0.5869047619047619,
    "F1": 0.5904732049559637,
    "AUC": 0.6385714285714286,
    "MCC": 0.21129008029400906
}