{
    "Accuracy": 0.76,
    "Precision": 0.8552887048539223,
    "Recall": 0.8395204434420174,
    "F1": 0.8453992609332415,
    "AUC": 0.7189058637657217,
    "MCC": 0.280715343619515
}