{
    "Accuracy": 0.03741657386773943,
    "Precision": 0.054036074444221205,
    "Recall": 0.04462840392888528,
    "F1": 0.027821397577992055,
    "AUC": 0.08618527272021467,
    "MCC": 0.17608739722185177
}