{
    "Accuracy": 0.7766666666666667,
    "Precision": 0.8194502587359731,
    "Recall": 0.919435531788473,
    "F1": 0.8651733061792705,
    "AUC": 0.6831589918795802,
    "MCC": 0.2219217931577075
}