{
    "Accuracy": 0.7190883190883192,
    "Precision": 0.7574603174603174,
    "Recall": 0.823062558356676,
    "F1": 0.7831007955240843,
    "AUC": 0.7661990115911685,
    "MCC": 0.39404834503089364
}