{
    "Accuracy": 0.6774193548387096,
    "Precision": 0.7365864527629233,
    "Recall": 0.5745238095238095,
    "F1": 0.6247964997964998,
    "AUC": 0.7035854341736695,
    "MCC": 0.375382937316804
}