{
    "Accuracy": 0.6746880570409983,
    "Precision": 0.7736612236867991,
    "Recall": 0.7582704876822524,
    "F1": 0.754478841926344,
    "AUC": 0.7006919006919008,
    "MCC": 0.26300723206244114
}