{
    "Accuracy": 0.7459677419354838,
    "Precision": 0.7643076923076924,
    "Recall": 0.9173992673992674,
    "F1": 0.82949898651196,
    "AUC": 0.7414789377289377,
    "MCC": 0.34724863729581584
}