{
    "Accuracy": 0.08602045530273059,
    "Precision": 0.10899172109051303,
    "Recall": 0.05043169248143888,
    "F1": 0.07566199689812818,
    "AUC": 0.11939536804763068,
    "MCC": 0.10453820563229851
}