{
    "Accuracy": 0.7666666666666666,
    "Precision": 0.8172837398142615,
    "Recall": 0.9064230540701128,
    "F1": 0.8583385614356764,
    "AUC": 0.6760586254703902,
    "MCC": 0.2073643526325657
}