{
    "Accuracy": 0.7115864527629233,
    "Precision": 0.7330639730639732,
    "Recall": 0.9093333333333333,
    "F1": 0.8085055685055685,
    "AUC": 0.6876935286935287,
    "MCC": 0.24118095323655303
}