{
    "Accuracy": 0.632258064516129,
    "Precision": 0.6410589410589411,
    "Recall": 0.5890079365079365,
    "F1": 0.6058404332041707,
    "AUC": 0.6987749823276139,
    "MCC": 0.27627486841542287
}