{
    "Accuracy": 0.7139112903225806,
    "Precision": 0.7194508301404852,
    "Recall": 0.9589743589743591,
    "F1": 0.8185555641095996,
    "AUC": 0.7112499999999999,
    "MCC": 0.16418447029872815
}