{
    "Accuracy": 0.8090725806451612,
    "Precision": 0.8511153846153846,
    "Recall": 0.8506868131868132,
    "F1": 0.8507241451927863,
    "AUC": 0.8674565018315018,
    "MCC": 0.5367320271551625
}