{
    "Accuracy": 0.08043723194540264,
    "Precision": 0.086331067724417,
    "Recall": 0.09564890091495941,
    "F1": 0.0901995118117223,
    "AUC": 0.03842862139069036,
    "MCC": 0.12736971998165514
}