{
    "Accuracy": 0.7833333333333334,
    "Precision": 0.7935969868173258,
    "Recall": 0.9837908496732026,
    "F1": 0.8765310365310366,
    "AUC": 0.7324400128738363,
    "MCC": 0.05031348336125054
}