{
    "Accuracy": 0.7666666666666666,
    "Precision": 0.819300669404998,
    "Recall": 0.9019786096256684,
    "F1": 0.8576484389240026,
    "AUC": 0.6831573826500297,
    "MCC": 0.21159151714912347
}