{
    "Accuracy": 0.7705645161290322,
    "Precision": 0.7644444444444444,
    "Recall": 0.9696428571428571,
    "F1": 0.850378537421727,
    "AUC": 0.7401785714285716,
    "MCC": 0.40728580007792414
}