{
    "Accuracy": 0.8033333333333333,
    "Precision": 0.8153055051421656,
    "Recall": 0.9704575163398692,
    "F1": 0.8848081150725511,
    "AUC": 0.7694542483660131,
    "MCC": 0.2979843411149594
}