{
    "Accuracy": 0.7933333333333333,
    "Precision": 0.8116344626278537,
    "Recall": 0.9626143790849673,
    "F1": 0.8790524551701022,
    "AUC": 0.7726281194295901,
    "MCC": 0.2497246293384358
}