{
    "Accuracy": 0.692156862745098,
    "Precision": 0.7216765066598214,
    "Recall": 0.8884699178816826,
    "F1": 0.7869382046360587,
    "AUC": 0.7192738633915106,
    "MCC": 0.2558176055206483
}