{
    "Accuracy": 0.7723646723646724,
    "Precision": 0.8374660633484163,
    "Recall": 0.7976657329598507,
    "F1": 0.8131181635355864,
    "AUC": 0.8085072480170521,
    "MCC": 0.5239976754153077
}