{
    "Accuracy": 0.055525596422016335,
    "Precision": 0.06918284865094086,
    "Recall": 0.08475083491285818,
    "F1": 0.05607318257474466,
    "AUC": 0.08079026854465948,
    "MCC": 0.10209741411825224
}