{
    "Accuracy": 0.5881048387096774,
    "Precision": 0.7088606130711393,
    "Recall": 0.7052197802197802,
    "F1": 0.7007812202446349,
    "AUC": 0.5413621794871795,
    "MCC": 0.016102789702007327
}