{
    "Accuracy": 0.7833333333333334,
    "Precision": 0.7908771929824562,
    "Recall": 0.9820202020202021,
    "F1": 0.8756235899765311,
    "AUC": 0.7535221578530402,
    "MCC": 0.03703401945465527
}