{
    "Accuracy": 0.7461693548387097,
    "Precision": 0.7776185167489515,
    "Recall": 0.8798534798534797,
    "F1": 0.8242596505992733,
    "AUC": 0.7888026556776556,
    "MCC": 0.3221453730754726
}