{
    "Accuracy": 0.6823361823361823,
    "Precision": 0.7114035087719298,
    "Recall": 0.8604411764705882,
    "F1": 0.7747577537051222,
    "AUC": 0.7180101670297748,
    "MCC": 0.2828198075818944
}