{
    "Accuracy": 0.6832661290322581,
    "Precision": 0.7656140350877194,
    "Recall": 0.7920787545787545,
    "F1": 0.7712089748179973,
    "AUC": 0.6684500915750916,
    "MCC": 0.25165467634220307
}