{
    "Accuracy": 0.5225806451612903,
    "Precision": 0.5142857142857143,
    "Recall": 0.4923809523809523,
    "F1": 0.49857314524555896,
    "AUC": 0.5457142857142857,
    "MCC": 0.04378693275207105
}