{
    "Accuracy": 0.644159544159544,
    "Precision": 0.692822966507177,
    "Recall": 0.7887581699346405,
    "F1": 0.7338166930272193,
    "AUC": 0.6639388162672477,
    "MCC": 0.20920535434711537
}