{
    "Accuracy": 0.6136752136752136,
    "Precision": 0.6527431622534597,
    "Recall": 0.8604411764705882,
    "F1": 0.7381371714362728,
    "AUC": 0.6279130355846043,
    "MCC": 0.07950246209237281
}