{
    "Accuracy": 0.76,
    "Precision": 0.8236864460851336,
    "Recall": 0.891782531194296,
    "F1": 0.8532911990967664,
    "AUC": 0.7370747672806497,
    "MCC": 0.22244001202559507
}