{
    "Accuracy": 0.04827945015192182,
    "Precision": 0.058745260649756645,
    "Recall": 0.06182412330330468,
    "F1": 0.05782970328444691,
    "AUC": 0.053630390832639645,
    "MCC": 0.09762122447427114
}