{
    "Accuracy": 0.6258064516129032,
    "Precision": 0.63003663003663,
    "Recall": 0.5466666666666666,
    "F1": 0.5847837985769021,
    "AUC": 0.6544047619047619,
    "MCC": 0.24997089721993562
}