{
    "Accuracy": 0.02867441755680873,
    "Precision": 0.051913745178308136,
    "Recall": 0.028913867256521928,
    "F1": 0.019909197189567025,
    "AUC": 0.09650342058866956,
    "MCC": 0.09581816290851325
}