{
    "Accuracy": 0.6672364672364672,
    "Precision": 0.6986310160427808,
    "Recall": 0.8597875816993463,
    "F1": 0.7657378740970072,
    "AUC": 0.7026870007262165,
    "MCC": 0.23700574736146862
}