{
    "Accuracy": 0.7039886039886041,
    "Precision": 0.7728812415654521,
    "Recall": 0.7615359477124184,
    "F1": 0.7626006191950464,
    "AUC": 0.7446223674655047,
    "MCC": 0.36301230420989794
}