{
    "Accuracy": 0.05319630776972674,
    "Precision": 0.05258892350867783,
    "Recall": 0.0991173615282204,
    "F1": 0.05637923437107917,
    "AUC": 0.05229122072384872,
    "MCC": 0.11426376427191329
}